Temps,PressionArterielle
1970-01-01T01:00:00.000+01:00,49.89919490919492
1970-01-01T01:00:01.000+01:00,51.102185714285746
1970-01-01T01:00:02.000+01:00,53.166002857142885
1970-01-01T01:00:03.000+01:00,56.264235714285704
1970-01-01T01:00:04.000+01:00,60.32483857142856
1970-01-01T01:00:05.000+01:00,61.945139999999995
1970-01-01T01:00:06.000+01:00,63.9756
1970-01-01T01:00:07.000+01:00,65.55211714285714
1970-01-01T01:00:08.000+01:00,68.44712999999997
1970-01-01T01:00:09.000+01:00,71.8526571428571
1970-01-01T01:00:10.000+01:00,76.5640114285714
1970-01-01T01:00:11.000+01:00,81.63814142857139
1970-01-01T01:00:12.000+01:00,86.62147142857143
1970-01-01T01:00:13.000+01:00,90.995
1970-01-01T01:00:14.000+01:00,94.15219571428563
1970-01-01T01:00:15.000+01:00,94.84038714285714
1970-01-01T01:00:16.000+01:00,96.34455142857142
1970-01-01T01:00:17.000+01:00,97.56862285714284
1970-01-01T01:00:18.000+01:00,100.45975142857148
1970-01-01T01:00:19.000+01:00,102.01759714285713
1970-01-01T01:00:20.000+01:00,103.89361285714281
1970-01-01T01:00:21.000+01:00,107.20088000000003
1970-01-01T01:00:22.000+01:00,107.82877571428565
1970-01-01T01:00:23.000+01:00,109.59718857142855
1970-01-01T01:00:24.000+01:00,112.11814571428566
1970-01-01T01:00:25.000+01:00,111.89590999999994
1970-01-01T01:00:26.000+01:00,113.5433085714286
1970-01-01T01:00:27.000+01:00,113.02101000000006
1970-01-01T01:00:28.000+01:00,114.40629857142858
1970-01-01T01:00:29.000+01:00,112.31255142857144
1970-01-01T01:00:30.000+01:00,113.52851428571425
1970-01-01T01:00:31.000+01:00,113.46644428571432
1970-01-01T01:00:32.000+01:00,112.12374999999992
1970-01-01T01:00:33.000+01:00,113.07057714285713
1970-01-01T01:00:34.000+01:00,111.53011857142849
1970-01-01T01:00:35.000+01:00,112.88308857142859
1970-01-01T01:00:36.000+01:00,111.59914571428561
1970-01-01T01:00:37.000+01:00,111.1083
1970-01-01T01:00:38.000+01:00,112.03635428571424
1970-01-01T01:00:39.000+01:00,110.79327714285718
1970-01-01T01:00:40.000+01:00,111.50863428571427
1970-01-01T01:00:41.000+01:00,110.23523571428575
1970-01-01T01:00:42.000+01:00,110.1381942857143
1970-01-01T01:00:43.000+01:00,110.73053714285713
1970-01-01T01:00:44.000+01:00,109.95443285714283
1970-01-01T01:00:45.000+01:00,109.6289442857143
1970-01-01T01:00:46.000+01:00,110.19203428571426
1970-01-01T01:00:47.000+01:00,109.63876999999994
1970-01-01T01:00:48.000+01:00,109.14142857142855
1970-01-01T01:00:49.000+01:00,109.0680042857143
1970-01-01T01:00:50.000+01:00,108.21166714285714
1970-01-01T01:00:51.000+01:00,108.73986000000002
1970-01-01T01:00:52.000+01:00,109.20312428571425
1970-01-01T01:00:53.000+01:00,107.72922142857149
1970-01-01T01:00:54.000+01:00,107.72983857142862
1970-01-01T01:00:55.000+01:00,107.99856428571427
1970-01-01T01:00:56.000+01:00,107.90836428571436
1970-01-01T01:00:57.000+01:00,107.06097285714291
1970-01-01T01:00:58.000+01:00,107.71584
1970-01-01T01:00:59.000+01:00,107.44647571428564
1970-01-01T01:01:00.000+01:00,106.79632142857143
1970-01-01T01:01:01.000+01:00,106.97665571428566
1970-01-01T01:01:02.000+01:00,107.31177142857138
1970-01-01T01:01:03.000+01:00,106.21515571428576
1970-01-01T01:01:04.000+01:00,106.61237428571432
1970-01-01T01:01:05.000+01:00,107.12534571428571
1970-01-01T01:01:06.000+01:00,105.69216000000004
1970-01-01T01:01:07.000+01:00,105.66563857142857
1970-01-01T01:01:08.000+01:00,105.37253999999994
1970-01-01T01:01:09.000+01:00,105.76942857142855
1970-01-01T01:01:10.000+01:00,105.41568142857146
1970-01-01T01:01:11.000+01:00,104.56446142857139
1970-01-01T01:01:12.000+01:00,104.94550571428572
1970-01-01T01:01:13.000+01:00,104.37064285714287
1970-01-01T01:01:14.000+01:00,104.4896885714285
1970-01-01T01:01:15.000+01:00,104.5219
1970-01-01T01:01:16.000+01:00,103.47699857142862
1970-01-01T01:01:17.000+01:00,103.64224999999999
1970-01-01T01:01:18.000+01:00,103.23935714285717
1970-01-01T01:01:19.000+01:00,102.24297857142855
1970-01-01T01:01:20.000+01:00,102.32052571428574
1970-01-01T01:01:21.000+01:00,102.1642628571429
1970-01-01T01:01:22.000+01:00,102.35460999999994
1970-01-01T01:01:23.000+01:00,102.1179971428572
1970-01-01T01:01:24.000+01:00,101.59351857142859
1970-01-01T01:01:25.000+01:00,101.7162814285714
1970-01-01T01:01:26.000+01:00,101.10564000000001
1970-01-01T01:01:27.000+01:00,101.03815714285712
1970-01-01T01:01:28.000+01:00,101.5329042857143
1970-01-01T01:01:29.000+01:00,100.3746528571429
1970-01-01T01:01:30.000+01:00,99.82825714285708
1970-01-01T01:01:31.000+01:00,99.95544999999998
1970-01-01T01:01:32.000+01:00,99.78969285714287
1970-01-01T01:01:33.000+01:00,98.37550428571433
1970-01-01T01:01:34.000+01:00,99.05641857142855
1970-01-01T01:01:35.000+01:00,99.40153428571422
1970-01-01T01:01:36.000+01:00,98.80803285714288
1970-01-01T01:01:37.000+01:00,97.54221142857145
1970-01-01T01:01:38.000+01:00,98.71701285714283
1970-01-01T01:01:39.000+01:00,98.20952714285711
1970-01-01T01:01:40.000+01:00,96.8143328571429
1970-01-01T01:01:41.000+01:00,97.57037857142853
1970-01-01T01:01:42.000+01:00,97.02351571428575
1970-01-01T01:01:43.000+01:00,96.58445999999998
1970-01-01T01:01:44.000+01:00,96.14571857142859
1970-01-01T01:01:45.000+01:00,96.26133857142855
1970-01-01T01:01:46.000+01:00,95.53447285714283
1970-01-01T01:01:47.000+01:00,94.66173999999995
1970-01-01T01:01:48.000+01:00,94.61273857142861
1970-01-01T01:01:49.000+01:00,94.04501142857147
1970-01-01T01:01:50.000+01:00,93.1802285714286
1970-01-01T01:01:51.000+01:00,93.02461285714286
1970-01-01T01:01:52.000+01:00,92.54858857142855
1970-01-01T01:01:53.000+01:00,92.87543000000004
1970-01-01T01:01:54.000+01:00,92.45954999999995
1970-01-01T01:01:55.000+01:00,91.32819999999994
1970-01-01T01:01:56.000+01:00,91.0108485714286
1970-01-01T01:01:57.000+01:00,90.94928714285717
1970-01-01T01:01:58.000+01:00,90.6382842857143
1970-01-01T01:01:59.000+01:00,90.50066285714287
1970-01-01T01:02:00.000+01:00,89.85312571428571
1970-01-01T01:02:01.000+01:00,89.37801285714283
1970-01-01T01:02:02.000+01:00,89.38550999999998
1970-01-01T01:02:03.000+01:00,88.39669714285712
1970-01-01T01:02:04.000+01:00,89.42224285714283
1970-01-01T01:02:05.000+01:00,89.27705571428572
1970-01-01T01:02:06.000+01:00,88.56228428571427
1970-01-01T01:02:07.000+01:00,88.37535999999997
1970-01-01T01:02:08.000+01:00,87.46127857142858
1970-01-01T01:02:09.000+01:00,87.90422999999998
1970-01-01T01:02:10.000+01:00,87.68584571428563
1970-01-01T01:02:11.000+01:00,87.42039999999996
1970-01-01T01:02:12.000+01:00,87.94730714285716
1970-01-01T01:02:13.000+01:00,87.33138000000004
1970-01-01T01:02:14.000+01:00,87.34198000000005
1970-01-01T01:02:15.000+01:00,86.83801142857146
1970-01-01T01:02:16.000+01:00,86.45003714285711
1970-01-01T01:02:17.000+01:00,86.53234714285715
1970-01-01T01:02:18.000+01:00,86.43048000000009
1970-01-01T01:02:19.000+01:00,87.06754142857143
1970-01-01T01:02:20.000+01:00,86.4896214285715
1970-01-01T01:02:21.000+01:00,86.28476285714285
1970-01-01T01:02:22.000+01:00,86.16619142857144
1970-01-01T01:02:23.000+01:00,85.56838714285719
1970-01-01T01:02:24.000+01:00,85.71734142857143
1970-01-01T01:02:25.000+01:00,84.87788428571427
1970-01-01T01:02:26.000+01:00,85.39683571428571
1970-01-01T01:02:27.000+01:00,85.3956214285714
1970-01-01T01:02:28.000+01:00,84.58525000000004
1970-01-01T01:02:29.000+01:00,85.06970714285717
1970-01-01T01:02:30.000+01:00,84.80610714285714
1970-01-01T01:02:31.000+01:00,84.8152085714286
1970-01-01T01:02:32.000+01:00,84.18534142857142
1970-01-01T01:02:33.000+01:00,83.97090142857141
1970-01-01T01:02:34.000+01:00,84.73264857142861
1970-01-01T01:02:35.000+01:00,83.88919428571428
1970-01-01T01:02:36.000+01:00,83.49130999999998
1970-01-01T01:02:37.000+01:00,83.6525085714286
1970-01-01T01:02:38.000+01:00,83.44965142857141
1970-01-01T01:02:39.000+01:00,83.0673814285714
1970-01-01T01:02:40.000+01:00,83.36130999999999
1970-01-01T01:02:41.000+01:00,83.19397857142852
1970-01-01T01:02:42.000+01:00,82.90039142857141
1970-01-01T01:02:43.000+01:00,83.04582285714281
1970-01-01T01:02:44.000+01:00,82.7472642857143
1970-01-01T01:02:45.000+01:00,82.0657500000001
1970-01-01T01:02:46.000+01:00,82.49206999999996
1970-01-01T01:02:47.000+01:00,82.12857714285718
1970-01-01T01:02:48.000+01:00,81.82928999999994
1970-01-01T01:02:49.000+01:00,81.86191571428573
1970-01-01T01:02:50.000+01:00,81.61172142857141
1970-01-01T01:02:51.000+01:00,81.06351285714284
1970-01-01T01:02:52.000+01:00,81.72180000000002
1970-01-01T01:02:53.000+01:00,81.23004428571431
1970-01-01T01:02:54.000+01:00,80.26027428571429
1970-01-01T01:02:55.000+01:00,80.99631285714285
1970-01-01T01:02:56.000+01:00,80.54476999999997
1970-01-01T01:02:57.000+01:00,80.36539428571427
1970-01-01T01:02:58.000+01:00,81.02827142857141
1970-01-01T01:02:59.000+01:00,80.1708371428572
1970-01-01T01:03:00.000+01:00,79.95395999999998
1970-01-01T01:03:01.000+01:00,80.67366999999997
1970-01-01T01:03:02.000+01:00,79.71261285714286
1970-01-01T01:03:03.000+01:00,79.32847285714284
1970-01-01T01:03:04.000+01:00,79.84747999999996
1970-01-01T01:03:05.000+01:00,78.97354142857147
1970-01-01T01:03:06.000+01:00,79.02159714285716
1970-01-01T01:03:07.000+01:00,79.00045857142855
1970-01-01T01:03:08.000+01:00,78.90576714285709
1970-01-01T01:03:09.000+01:00,77.70415999999996
1970-01-01T01:03:10.000+01:00,78.7997742857143
1970-01-01T01:03:11.000+01:00,78.1398028571429
1970-01-01T01:03:12.000+01:00,77.91964285714289
1970-01-01T01:03:13.000+01:00,77.13492142857142
1970-01-01T01:03:14.000+01:00,77.61888428571426
1970-01-01T01:03:15.000+01:00,77.74768285714288
1970-01-01T01:03:16.000+01:00,77.45776285714285
1970-01-01T01:03:17.000+01:00,76.96191000000002
1970-01-01T01:03:18.000+01:00,77.71861285714283
1970-01-01T01:03:19.000+01:00,77.55879571428572
1970-01-01T01:03:20.000+01:00,77.89481285714287
1970-01-01T01:03:21.000+01:00,77.83380714285717
1970-01-01T01:03:22.000+01:00,76.88883142857146
1970-01-01T01:03:23.000+01:00,77.3500114285714
1970-01-01T01:03:24.000+01:00,77.18135999999998
1970-01-01T01:03:25.000+01:00,76.59786857142855
1970-01-01T01:03:26.000+01:00,76.90593428571431
1970-01-01T01:03:27.000+01:00,76.08289571428571
1970-01-01T01:03:28.000+01:00,77.01807571428571
1970-01-01T01:03:29.000+01:00,76.02987857142857
1970-01-01T01:03:30.000+01:00,76.03411142857142
1970-01-01T01:03:31.000+01:00,76.46961714285712
1970-01-01T01:03:32.000+01:00,76.37077857142856
1970-01-01T01:03:33.000+01:00,75.34411571428573
1970-01-01T01:03:34.000+01:00,75.87170571428571
1970-01-01T01:03:35.000+01:00,75.25988714285717
1970-01-01T01:03:36.000+01:00,75.56598857142853
1970-01-01T01:03:37.000+01:00,75.80476142857137
1970-01-01T01:03:38.000+01:00,75.94013285714287
1970-01-01T01:03:39.000+01:00,75.73908428571428
1970-01-01T01:03:40.000+01:00,75.4254
1970-01-01T01:03:41.000+01:00,74.8069242857143
1970-01-01T01:03:42.000+01:00,75.50983714285711
1970-01-01T01:03:43.000+01:00,75.08558285714282
1970-01-01T01:03:44.000+01:00,74.63199285714288
1970-01-01T01:03:45.000+01:00,74.89472571428571
1970-01-01T01:03:46.000+01:00,74.5325714285714
1970-01-01T01:03:47.000+01:00,74.94474714285714
1970-01-01T01:03:48.000+01:00,74.78468857142859
1970-01-01T01:03:49.000+01:00,75.02804571428575
1970-01-01T01:03:50.000+01:00,74.52195000000003
1970-01-01T01:03:51.000+01:00,74.43767142857143
1970-01-01T01:03:52.000+01:00,74.90274428571432
1970-01-01T01:03:53.000+01:00,73.91525428571427
1970-01-01T01:03:54.000+01:00,74.67141999999994
1970-01-01T01:03:55.000+01:00,74.01095285714284
1970-01-01T01:03:56.000+01:00,74.15698714285716
1970-01-01T01:03:57.000+01:00,74.23235999999999
1970-01-01T01:03:58.000+01:00,73.90914714285712
1970-01-01T01:03:59.000+01:00,73.77342428571428
1970-01-01T01:04:00.000+01:00,73.35849285714289
1970-01-01T01:04:01.000+01:00,73.37428714285713
1970-01-01T01:04:02.000+01:00,73.1595542857143
1970-01-01T01:04:03.000+01:00,73.51050000000004
1970-01-01T01:04:04.000+01:00,73.35268285714285
1970-01-01T01:04:05.000+01:00,72.5232442857143
1970-01-01T01:04:06.000+01:00,73.30644857142858
1970-01-01T01:04:07.000+01:00,72.78175285714285
1970-01-01T01:04:08.000+01:00,72.75778714285718
1970-01-01T01:04:09.000+01:00,72.21987142857141
1970-01-01T01:04:10.000+01:00,73.16498285714286
1970-01-01T01:04:11.000+01:00,72.55830999999999
1970-01-01T01:04:12.000+01:00,72.1357842857143
1970-01-01T01:04:13.000+01:00,72.64926142857144
1970-01-01T01:04:14.000+01:00,73.00663010162934
1970-01-01T01:04:15.000+01:00,73.86555666666663
1970-01-01T01:04:16.000+01:00,73.51845500000002
1970-01-01T01:04:17.000+01:00,73.06307666666667
1970-01-01T01:04:18.000+01:00,73.11679500000004
1970-01-01T01:04:19.000+01:00,73.28700000000002
1970-01-01T01:04:20.000+01:00,73.26536999999999
1970-01-01T01:04:21.000+01:00,72.86273499999996
1970-01-01T01:04:22.000+01:00,72.92692833333334
1970-01-01T01:04:23.000+01:00,72.91708999999996
1970-01-01T01:04:24.000+01:00,72.83771500000003
1970-01-01T01:04:25.000+01:00,72.47090999999996
1970-01-01T01:04:26.000+01:00,72.64773166666667
1970-01-01T01:04:27.000+01:00,72.70759499999997
1970-01-01T01:04:28.000+01:00,72.48146833333332
1970-01-01T01:04:29.000+01:00,72.0350316666667
1970-01-01T01:04:30.000+01:00,72.69924999999995
1970-01-01T01:04:31.000+01:00,72.39395833333332
1970-01-01T01:04:32.000+01:00,72.41690833333337
1970-01-01T01:04:33.000+01:00,72.14890499999997
1970-01-01T01:04:34.000+01:00,72.24406833333335
1970-01-01T01:04:35.000+01:00,71.84836500000002
1970-01-01T01:04:36.000+01:00,72.185295
1970-01-01T01:04:37.000+01:00,71.4341033333333
1970-01-01T01:04:38.000+01:00,71.32516166666667
1970-01-01T01:04:39.000+01:00,71.60095333333334
1970-01-01T01:04:40.000+01:00,71.20427999999998
1970-01-01T01:04:41.000+01:00,71.22043
1970-01-01T01:04:42.000+01:00,71.30808166666661
1970-01-01T01:04:43.000+01:00,70.70273833333331
1970-01-01T01:04:44.000+01:00,70.66012999999998
1970-01-01T01:04:45.000+01:00,70.97793499999995
1970-01-01T01:04:46.000+01:00,70.60223666666667
1970-01-01T01:04:47.000+01:00,70.661125
1970-01-01T01:04:48.000+01:00,70.67938333333336
1970-01-01T01:04:49.000+01:00,70.16273999999997
1970-01-01T01:04:50.000+01:00,70.04529500000002
1970-01-01T01:04:51.000+01:00,70.58053999999998
1970-01-01T01:04:52.000+01:00,69.82611666666666
1970-01-01T01:04:53.000+01:00,69.9327516666667
1970-01-01T01:04:54.000+01:00,70.31437
1970-01-01T01:04:55.000+01:00,70.26009166666671
1970-01-01T01:04:56.000+01:00,69.95143500000002
1970-01-01T01:04:57.000+01:00,70.43403833333335
1970-01-01T01:04:58.000+01:00,70.01786499999999
1970-01-01T01:04:59.000+01:00,69.57477246207701
1970-01-01T01:05:00.000+01:00,71.42494000000002
1970-01-01T01:05:01.000+01:00,71.16746
1970-01-01T01:05:02.000+01:00,71.570574
1970-01-01T01:05:03.000+01:00,71.644984
1970-01-01T01:05:04.000+01:00,71.32753800000002
1970-01-01T01:05:05.000+01:00,71.73091599999998
1970-01-01T01:05:06.000+01:00,71.39715000000005
1970-01-01T01:05:07.000+01:00,70.87941799999994
1970-01-01T01:05:08.000+01:00,71.59023199999999
1970-01-01T01:05:09.000+01:00,71.40691199999999
1970-01-01T01:05:10.000+01:00,70.96301400000003
1970-01-01T01:05:11.000+01:00,71.05627400000002
1970-01-01T01:05:12.000+01:00,70.49277400000003
1970-01-01T01:05:13.000+01:00,70.32137599999997
1970-01-01T01:05:14.000+01:00,71.11084000000001
1970-01-01T01:05:15.000+01:00,70.503316
1970-01-01T01:05:16.000+01:00,70.54869199999997
1970-01-01T01:05:17.000+01:00,70.31305000000005
1970-01-01T01:05:18.000+01:00,69.84958200000001
1970-01-01T01:05:19.000+01:00,70.60884800000002
1970-01-01T01:05:20.000+01:00,70.424116
1970-01-01T01:05:21.000+01:00,69.845466
1970-01-01T01:05:22.000+01:00,69.86176600000002
1970-01-01T01:05:23.000+01:00,69.65216999999996
1970-01-01T01:05:24.000+01:00,69.94673800000004
1970-01-01T01:05:25.000+01:00,69.67372399999995
1970-01-01T01:05:26.000+01:00,69.30864200000002
1970-01-01T01:05:27.000+01:00,69.561118
1970-01-01T01:05:28.000+01:00,69.30001799999995
1970-01-01T01:05:29.000+01:00,69.00771199999998
1970-01-01T01:05:30.000+01:00,69.67442
1970-01-01T01:05:31.000+01:00,69.00112800000001
1970-01-01T01:05:32.000+01:00,69.162646
1970-01-01T01:05:33.000+01:00,69.45045199999996
1970-01-01T01:05:34.000+01:00,68.90903000000003
1970-01-01T01:05:35.000+01:00,68.68099800000002
1970-01-01T01:05:36.000+01:00,68.655136
1970-01-01T01:05:37.000+01:00,68.42871399999999
1970-01-01T01:05:38.000+01:00,68.72606799999997
1970-01-01T01:05:39.000+01:00,68.23977799999997
1970-01-01T01:05:40.000+01:00,67.63567800000003
1970-01-01T01:05:41.000+01:00,68.542092
1970-01-01T01:05:42.000+01:00,68.26051799999999
1970-01-01T01:05:43.000+01:00,68.03314800000003
1970-01-01T01:05:44.000+01:00,68.71892199999998
1970-01-01T01:05:45.000+01:00,67.82047999999996
1970-01-01T01:05:46.000+01:00,68.15923599999996
1970-01-01T01:05:47.000+01:00,67.74736400000002
1970-01-01T01:05:48.000+01:00,67.59700999999998
1970-01-01T01:05:49.000+01:00,68.07003000000003
1970-01-01T01:05:50.000+01:00,67.43359199999999
1970-01-01T01:05:51.000+01:00,67.27266999999996
1970-01-01T01:05:52.000+01:00,68.26080000000002
1970-01-01T01:05:53.000+01:00,67.43285800000008
1970-01-01T01:05:54.000+01:00,67.289442
1970-01-01T01:05:55.000+01:00,67.91997
1970-01-01T01:05:56.000+01:00,67.38684799999996
1970-01-01T01:05:57.000+01:00,67.07544599999994
1970-01-01T01:05:58.000+01:00,66.93223000000003
1970-01-01T01:05:59.000+01:00,66.93956200000001
1970-01-01T01:06:00.000+01:00,66.76647799999995
1970-01-01T01:06:01.000+01:00,66.22649999999997
1970-01-01T01:06:02.000+01:00,66.87572800000001
1970-01-01T01:06:03.000+01:00,66.89608600000005
1970-01-01T01:06:04.000+01:00,66.19324799999998
1970-01-01T01:06:05.000+01:00,67.04186999999999
1970-01-01T01:06:06.000+01:00,66.587002
1970-01-01T01:06:07.000+01:00,65.907622
1970-01-01T01:06:08.000+01:00,66.62689800000004
1970-01-01T01:06:09.000+01:00,66.40433200000001
1970-01-01T01:06:10.000+01:00,65.67286200000004
1970-01-01T01:06:11.000+01:00,66.15395799999997
1970-01-01T01:06:12.000+01:00,65.81506400000005
1970-01-01T01:06:13.000+01:00,65.87162799999997
1970-01-01T01:06:14.000+01:00,66.05242399999997
1970-01-01T01:06:15.000+01:00,65.96588000000003
1970-01-01T01:06:16.000+01:00,65.88626200000002
1970-01-01T01:06:17.000+01:00,65.45153800000004
1970-01-01T01:06:18.000+01:00,66.162748
1970-01-01T01:06:19.000+01:00,65.74648400000002
1970-01-01T01:06:20.000+01:00,65.11816600000003
1970-01-01T01:06:21.000+01:00,65.79288599999998
1970-01-01T01:06:22.000+01:00,65.25687200000006
1970-01-01T01:06:23.000+01:00,65.13261400000002
1970-01-01T01:06:24.000+01:00,65.49939999999997
1970-01-01T01:06:25.000+01:00,64.99620999999999
1970-01-01T01:06:26.000+01:00,65.39336400000002
1970-01-01T01:06:27.000+01:00,64.93907599999997
1970-01-01T01:06:28.000+01:00,64.23888400000003
1970-01-01T01:06:29.000+01:00,65.26938399999996
1970-01-01T01:06:30.000+01:00,64.73050600000002
1970-01-01T01:06:31.000+01:00,64.481044
1970-01-01T01:06:32.000+01:00,65.04649400000002
1970-01-01T01:06:33.000+01:00,64.18647
1970-01-01T01:06:34.000+01:00,64.35586999999997
1970-01-01T01:06:35.000+01:00,64.19081199999998
1970-01-01T01:06:36.000+01:00,63.439175999999954
1970-01-01T01:06:37.000+01:00,64.36140999999996
1970-01-01T01:06:38.000+01:00,63.949266000000016
1970-01-01T01:06:39.000+01:00,63.45864400000001
1970-01-01T01:06:40.000+01:00,64.28383000000002
1970-01-01T01:06:41.000+01:00,63.35112199999996
1970-01-01T01:06:42.000+01:00,63.464104000000006
1970-01-01T01:06:43.000+01:00,63.74225999999997
1970-01-01T01:06:44.000+01:00,62.779134
1970-01-01T01:06:45.000+01:00,63.89656999999995
1970-01-01T01:06:46.000+01:00,63.38871799999999
1970-01-01T01:06:47.000+01:00,63.12101
1970-01-01T01:06:48.000+01:00,63.55797000000004
1970-01-01T01:06:49.000+01:00,62.783878
1970-01-01T01:06:50.000+01:00,63.179942000000004
1970-01-01T01:06:51.000+01:00,63.156318000000006
1970-01-01T01:06:52.000+01:00,62.31174600000002
1970-01-01T01:06:53.000+01:00,63.53325200000001
1970-01-01T01:06:54.000+01:00,62.444221999999996
1970-01-01T01:06:55.000+01:00,62.56333800000002
1970-01-01T01:06:56.000+01:00,62.613277999999966
1970-01-01T01:06:57.000+01:00,61.763183999999974
1970-01-01T01:06:58.000+01:00,63.052752000000005
1970-01-01T01:06:59.000+01:00,61.87485399999998
1970-01-01T01:07:00.000+01:00,61.95410399999998
1970-01-01T01:07:01.000+01:00,61.75351399999998
1970-01-01T01:07:02.000+01:00,61.10997200000002
1970-01-01T01:07:03.000+01:00,61.656873999999966
1970-01-01T01:07:04.000+01:00,61.02194
1970-01-01T01:07:05.000+01:00,61.394054000000004
1970-01-01T01:07:06.000+01:00,61.310797999999984
1970-01-01T01:07:07.000+01:00,61.59368000000003
1970-01-01T01:07:08.000+01:00,61.07874000000004
1970-01-01T01:07:09.000+01:00,61.541731999999996
1970-01-01T01:07:10.000+01:00,61.084707999999985
1970-01-01T01:07:11.000+01:00,61.273725999999975
1970-01-01T01:07:12.000+01:00,61.14508399999998
1970-01-01T01:07:13.000+01:00,60.35191800000004
1970-01-01T01:07:14.000+01:00,61.48803200000002
1970-01-01T01:07:15.000+01:00,60.643606000000005
1970-01-01T01:07:16.000+01:00,61.38280600000003
1970-01-01T01:07:17.000+01:00,60.69163199999997
1970-01-01T01:07:18.000+01:00,60.715863999999975
1970-01-01T01:07:19.000+01:00,60.67821200000002
1970-01-01T01:07:20.000+01:00,60.520419999999994
1970-01-01T01:07:21.000+01:00,60.86515
1970-01-01T01:07:22.000+01:00,60.27685000000001
1970-01-01T01:07:23.000+01:00,60.73780199999995
1970-01-01T01:07:24.000+01:00,60.461066000000024
1970-01-01T01:07:25.000+01:00,60.852917999999995
1970-01-01T01:07:26.000+01:00,60.618272
1970-01-01T01:07:27.000+01:00,60.47953000000002
1970-01-01T01:07:28.000+01:00,59.876840000000016
1970-01-01T01:07:29.000+01:00,60.52866999999997
1970-01-01T01:07:30.000+01:00,59.488940000000014
1970-01-01T01:07:31.000+01:00,60.56255200000001
1970-01-01T01:07:32.000+01:00,59.196541999999994
1970-01-01T01:07:33.000+01:00,59.93274200000002
1970-01-01T01:07:34.000+01:00,59.510066000000016
1970-01-01T01:07:35.000+01:00,59.694804000000076
1970-01-01T01:07:36.000+01:00,59.70373000000005
1970-01-01T01:07:37.000+01:00,59.82901600000004
1970-01-01T01:07:38.000+01:00,59.00728199999998
1970-01-01T01:07:39.000+01:00,59.48581000000002
1970-01-01T01:07:40.000+01:00,58.94283999999997
1970-01-01T01:07:41.000+01:00,60.13444200000004
1970-01-01T01:07:42.000+01:00,59.31140400000002
1970-01-01T01:07:43.000+01:00,59.46119999999998
1970-01-01T01:07:44.000+01:00,59.961138
1970-01-01T01:07:45.000+01:00,59.31326799999997
1970-01-01T01:07:46.000+01:00,59.72850399999998
1970-01-01T01:07:47.000+01:00,59.005922
1970-01-01T01:07:48.000+01:00,59.33922800000003
1970-01-01T01:07:49.000+01:00,59.245961999999984
1970-01-01T01:07:50.000+01:00,59.14078600000001
1970-01-01T01:07:51.000+01:00,58.839843999999985
1970-01-01T01:07:52.000+01:00,58.727903999999945
1970-01-01T01:07:53.000+01:00,58.887255999999994
1970-01-01T01:07:54.000+01:00,58.94153199999998
1970-01-01T01:07:55.000+01:00,58.28934000000004
1970-01-01T01:07:56.000+01:00,58.403475999999976
1970-01-01T01:07:57.000+01:00,58.80200599999999
1970-01-01T01:07:58.000+01:00,58.203740000000025
1970-01-01T01:07:59.000+01:00,58.557770000000005
1970-01-01T01:08:00.000+01:00,57.607078000000016
1970-01-01T01:08:01.000+01:00,58.072952000000036
1970-01-01T01:08:02.000+01:00,57.980356000000015
1970-01-01T01:08:03.000+01:00,57.66332199999997
1970-01-01T01:08:04.000+01:00,58.16559400000004
1970-01-01T01:08:05.000+01:00,57.59521999999997
1970-01-01T01:08:06.000+01:00,57.97978200000002
1970-01-01T01:08:07.000+01:00,57.937658000000006
1970-01-01T01:08:08.000+01:00,57.594080000000005
1970-01-01T01:08:09.000+01:00,58.10093599999999
1970-01-01T01:08:10.000+01:00,57.77070599999998
1970-01-01T01:08:11.000+01:00,57.974558000000044
1970-01-01T01:08:12.000+01:00,57.711221999999985
1970-01-01T01:08:13.000+01:00,57.527108000000034
1970-01-01T01:08:14.000+01:00,57.954730000000005
1970-01-01T01:08:15.000+01:00,57.208597999999995
1970-01-01T01:08:16.000+01:00,57.503375999999946
1970-01-01T01:08:17.000+01:00,57.24874599999998
1970-01-01T01:08:18.000+01:00,57.61903199999998
1970-01-01T01:08:19.000+01:00,57.633133999999984
1970-01-01T01:08:20.000+01:00,57.27276200000004
1970-01-01T01:08:21.000+01:00,57.003940000000014
1970-01-01T01:08:22.000+01:00,57.14871799999998
1970-01-01T01:08:23.000+01:00,57.18565199999997
1970-01-01T01:08:24.000+01:00,57.296517999999985
1970-01-01T01:08:25.000+01:00,56.63092200000004
1970-01-01T01:08:26.000+01:00,57.28716200000001
1970-01-01T01:08:27.000+01:00,56.654171999999996
1970-01-01T01:08:28.000+01:00,56.761288000000015
1970-01-01T01:08:29.000+01:00,56.61211000000001
1970-01-01T01:08:30.000+01:00,56.90110800000003
1970-01-01T01:08:31.000+01:00,56.90027999999997
1970-01-01T01:08:32.000+01:00,56.46824
1970-01-01T01:08:33.000+01:00,56.543374
1970-01-01T01:08:34.000+01:00,56.83358399999994
1970-01-01T01:08:35.000+01:00,56.78882600000002
1970-01-01T01:08:36.000+01:00,56.568232000000016
1970-01-01T01:08:37.000+01:00,56.6066
1970-01-01T01:08:38.000+01:00,56.94059799999999
1970-01-01T01:08:39.000+01:00,56.37049400000003
1970-01-01T01:08:40.000+01:00,56.41821600000003
1970-01-01T01:08:41.000+01:00,56.640200000000036
1970-01-01T01:08:42.000+01:00,55.835906000000016
1970-01-01T01:08:43.000+01:00,56.339154
1970-01-01T01:08:44.000+01:00,55.433006000000006
1970-01-01T01:08:45.000+01:00,56.354096
1970-01-01T01:08:46.000+01:00,55.888131999999985
1970-01-01T01:08:47.000+01:00,55.83447799999998
1970-01-01T01:08:48.000+01:00,56.37575199999999
1970-01-01T01:08:49.000+01:00,55.539956000000004
1970-01-01T01:08:50.000+01:00,56.493426
1970-01-01T01:08:51.000+01:00,55.60042999999997
1970-01-01T01:08:52.000+01:00,56.317352
1970-01-01T01:08:53.000+01:00,55.76260000000002
1970-01-01T01:08:54.000+01:00,55.27884199999998
1970-01-01T01:08:55.000+01:00,56.013358
1970-01-01T01:08:56.000+01:00,55.409408000000006
1970-01-01T01:08:57.000+01:00,55.80818999999998
1970-01-01T01:08:58.000+01:00,55.19712200000001
1970-01-01T01:08:59.000+01:00,55.87400399999999
1970-01-01T01:09:00.000+01:00,55.72311599999998
1970-01-01T01:09:01.000+01:00,55.271302000000034
1970-01-01T01:09:02.000+01:00,55.495788
1970-01-01T01:09:03.000+01:00,55.17713400000001
1970-01-01T01:09:04.000+01:00,55.15701799999997
1970-01-01T01:09:05.000+01:00,55.11917799999998
1970-01-01T01:09:06.000+01:00,55.554102
1970-01-01T01:09:07.000+01:00,55.12305400000002
1970-01-01T01:09:08.000+01:00,55.24744199999999
1970-01-01T01:09:09.000+01:00,54.99583999999998
1970-01-01T01:09:10.000+01:00,55.45012199999997
1970-01-01T01:09:11.000+01:00,55.19925800000003
1970-01-01T01:09:12.000+01:00,54.92489799999998
1970-01-01T01:09:13.000+01:00,55.58355599999998
1970-01-01T01:09:14.000+01:00,54.677030000000016
1970-01-01T01:09:15.000+01:00,54.97262200000001
1970-01-01T01:09:16.000+01:00,55.36691599999998
1970-01-01T01:09:17.000+01:00,54.77779200000002
1970-01-01T01:09:18.000+01:00,54.65856400000003
1970-01-01T01:09:19.000+01:00,54.53780400000004
1970-01-01T01:09:20.000+01:00,54.700697999999996
1970-01-01T01:09:21.000+01:00,54.35822200000002
1970-01-01T01:09:22.000+01:00,54.45674399999997
1970-01-01T01:09:23.000+01:00,54.44344200000002
1970-01-01T01:09:24.000+01:00,54.033528000000025
1970-01-01T01:09:25.000+01:00,54.58229600000001
1970-01-01T01:09:26.000+01:00,54.207940000000015
1970-01-01T01:09:27.000+01:00,54.25923800000004
1970-01-01T01:09:28.000+01:00,54.133912
1970-01-01T01:09:29.000+01:00,54.18560599999999
1970-01-01T01:09:30.000+01:00,54.632808
1970-01-01T01:09:31.000+01:00,53.91702000000003
1970-01-01T01:09:32.000+01:00,54.61657600000001
1970-01-01T01:09:33.000+01:00,54.61023999999999
1970-01-01T01:09:34.000+01:00,54.076552
1970-01-01T01:09:35.000+01:00,55.17175600000001
1970-01-01T01:09:36.000+01:00,54.194780000000016
1970-01-01T01:09:37.000+01:00,54.42255599999998
1970-01-01T01:09:38.000+01:00,54.92409000000005
1970-01-01T01:09:39.000+01:00,54.29590199999999
1970-01-01T01:09:40.000+01:00,54.44952199999997
1970-01-01T01:09:41.000+01:00,54.262816000000015
1970-01-01T01:09:42.000+01:00,54.37066999999997
1970-01-01T01:09:43.000+01:00,54.25592199999998
1970-01-01T01:09:44.000+01:00,54.091104
1970-01-01T01:09:45.000+01:00,54.558122
1970-01-01T01:09:46.000+01:00,53.90222200000002
1970-01-01T01:09:47.000+01:00,54.33086600000003
1970-01-01T01:09:48.000+01:00,54.60864199999999
1970-01-01T01:09:49.000+01:00,53.87852599999998
1970-01-01T01:09:50.000+01:00,54.56067599999999
1970-01-01T01:09:51.000+01:00,54.01216800000002
1970-01-01T01:09:52.000+01:00,54.009012
1970-01-01T01:09:53.000+01:00,54.44857000000003
1970-01-01T01:09:54.000+01:00,54.05144000000003
1970-01-01T01:09:55.000+01:00,53.86114799999997
1970-01-01T01:09:56.000+01:00,53.86663600000002
1970-01-01T01:09:57.000+01:00,54.051168
1970-01-01T01:09:58.000+01:00,53.668721999999974
1970-01-01T01:09:59.000+01:00,54.07196000000002
1970-01-01T01:10:00.000+01:00,53.686778000000004
1970-01-01T01:10:01.000+01:00,53.868254000000015
1970-01-01T01:10:02.000+01:00,53.74043200000002
1970-01-01T01:10:03.000+01:00,53.777977999999976
1970-01-01T01:10:04.000+01:00,53.885916
1970-01-01T01:10:05.000+01:00,53.18397199999998
1970-01-01T01:10:06.000+01:00,54.33731799999998
1970-01-01T01:10:07.000+01:00,53.496869999999994
1970-01-01T01:10:08.000+01:00,53.58211200000002
1970-01-01T01:10:09.000+01:00,53.825933999999975
1970-01-01T01:10:10.000+01:00,52.831844000000004
1970-01-01T01:10:11.000+01:00,53.49738799999999
1970-01-01T01:10:12.000+01:00,52.93094999999999
1970-01-01T01:10:13.000+01:00,52.97959199999998
1970-01-01T01:10:14.000+01:00,53.072068
1970-01-01T01:10:15.000+01:00,52.95088600000001
1970-01-01T01:10:16.000+01:00,53.00359600000003
1970-01-01T01:10:17.000+01:00,52.814147999999996
1970-01-01T01:10:18.000+01:00,53.01180200000001
1970-01-01T01:10:19.000+01:00,53.197221999999975
1970-01-01T01:10:20.000+01:00,52.68289
1970-01-01T01:10:21.000+01:00,53.104218
1970-01-01T01:10:22.000+01:00,52.65839200000001
1970-01-01T01:10:23.000+01:00,52.78167
1970-01-01T01:10:24.000+01:00,53.211078000000015
1970-01-01T01:10:25.000+01:00,52.70125799999998
1970-01-01T01:10:26.000+01:00,52.96273000000001
1970-01-01T01:10:27.000+01:00,53.01855800000002
1970-01-01T01:10:28.000+01:00,52.985732000000006
1970-01-01T01:10:29.000+01:00,52.92637800000003
1970-01-01T01:10:30.000+01:00,52.744554
1970-01-01T01:10:31.000+01:00,52.25384399999996
1970-01-01T01:10:32.000+01:00,52.504514000000036
1970-01-01T01:10:33.000+01:00,52.45309800000001
1970-01-01T01:10:34.000+01:00,51.736909999999995
1970-01-01T01:10:35.000+01:00,52.38091400000003
1970-01-01T01:10:36.000+01:00,52.50766800000002
1970-01-01T01:10:37.000+01:00,52.30890999999999
1970-01-01T01:10:38.000+01:00,52.669754000000026
1970-01-01T01:10:39.000+01:00,52.54762599999999
1970-01-01T01:10:40.000+01:00,52.548729999999985
1970-01-01T01:10:41.000+01:00,52.923966000000014
1970-01-01T01:10:42.000+01:00,52.44209399999995
1970-01-01T01:10:43.000+01:00,52.66129399999999
1970-01-01T01:10:44.000+01:00,52.44337999999997
1970-01-01T01:10:45.000+01:00,52.26006200000002
1970-01-01T01:10:46.000+01:00,52.43729800000005
1970-01-01T01:10:47.000+01:00,51.79095200000002
1970-01-01T01:10:48.000+01:00,51.84962199999999
1970-01-01T01:10:49.000+01:00,51.99027200000001
1970-01-01T01:10:50.000+01:00,51.704066
1970-01-01T01:10:51.000+01:00,51.58872999999999
1970-01-01T01:10:52.000+01:00,51.57366399999999
1970-01-01T01:10:53.000+01:00,51.78226399999997
1970-01-01T01:10:54.000+01:00,53.18264160038564
1970-01-01T01:10:55.000+01:00,54.39293750000001
1970-01-01T01:10:56.000+01:00,53.741552500000026
1970-01-01T01:10:57.000+01:00,54.19689500000002
1970-01-01T01:10:58.000+01:00,54.21156
1970-01-01T01:10:59.000+01:00,54.02194499999998
1970-01-01T01:11:00.000+01:00,54.20682499999995
1970-01-01T01:11:01.000+01:00,54.190262500000024
1970-01-01T01:11:02.000+01:00,53.918209999999995
1970-01-01T01:11:03.000+01:00,54.3478775
1970-01-01T01:11:04.000+01:00,53.92556499999998
1970-01-01T01:11:05.000+01:00,54.25582500000001
1970-01-01T01:11:06.000+01:00,54.030265000000036
1970-01-01T01:11:07.000+01:00,53.95105249999998
1970-01-01T01:11:08.000+01:00,53.866240000000026
1970-01-01T01:11:09.000+01:00,53.868552500000035
1970-01-01T01:11:10.000+01:00,54.15724250000001
1970-01-01T01:11:11.000+01:00,53.753997500000004
1970-01-01T01:11:12.000+01:00,53.678157500000026
1970-01-01T01:11:13.000+01:00,53.88690749999997
1970-01-01T01:11:14.000+01:00,53.20893749999997
1970-01-01T01:11:15.000+01:00,53.49542249999996
1970-01-01T01:11:16.000+01:00,53.35638750000002
1970-01-01T01:11:17.000+01:00,52.7860175
1970-01-01T01:11:18.000+01:00,53.10252749999998
1970-01-01T01:11:19.000+01:00,52.58131249999998
1970-01-01T01:11:20.000+01:00,52.55411499999999
1970-01-01T01:11:21.000+01:00,52.8490618609407
1970-01-01T01:11:22.000+01:00,52.63448
1970-01-01T01:11:23.000+01:00,53.05205000000001
1970-01-01T01:11:24.000+01:00,53.10330333333334
1970-01-01T01:11:25.000+01:00,52.42708333333329
1970-01-01T01:11:26.000+01:00,53.231456666666666
1970-01-01T01:11:27.000+01:00,52.697630000000046
1970-01-01T01:11:28.000+01:00,52.89101999999993
1970-01-01T01:11:29.000+01:00,53.582739999999994
1970-01-01T01:11:30.000+01:00,52.379090000000026
1970-01-01T01:11:31.000+01:00,53.20141999999999
1970-01-01T01:11:32.000+01:00,53.569803333333326
1970-01-01T01:11:33.000+01:00,52.061256666666665
1970-01-01T01:11:34.000+01:00,53.655109999999986
1970-01-01T01:11:35.000+01:00,53.22296666666669
1970-01-01T01:11:36.000+01:00,52.42277666666665
1970-01-01T01:11:37.000+01:00,53.48398000000004
1970-01-01T01:11:38.000+01:00,52.74717999999999
1970-01-01T01:11:39.000+01:00,53.089243333333364
1970-01-01T01:11:40.000+01:00,53.559883333333325
1970-01-01T01:11:41.000+01:00,52.524703333333335
1970-01-01T01:11:42.000+01:00,53.68484333333331
1970-01-01T01:11:43.000+01:00,52.94018999999998
1970-01-01T01:11:44.000+01:00,52.374023333333355
1970-01-01T01:11:45.000+01:00,53.580966666666676
1970-01-01T01:11:46.000+01:00,52.78069333333336
1970-01-01T01:11:47.000+01:00,52.48611333333334
1970-01-01T01:11:48.000+01:00,53.63187999999999
1970-01-01T01:11:49.000+01:00,52.71372333333333
1970-01-01T01:11:50.000+01:00,53.017553333333325
1970-01-01T01:11:51.000+01:00,53.52387000000002
1970-01-01T01:11:52.000+01:00,52.420796666666604
1970-01-01T01:11:53.000+01:00,53.62601999999999
1970-01-01T01:11:54.000+01:00,53.25524999999996
1970-01-01T01:11:55.000+01:00,52.09168333333329
1970-01-01T01:11:56.000+01:00,53.288156666666694
1970-01-01T01:11:57.000+01:00,52.87034333333333
1970-01-01T01:11:58.000+01:00,52.37019333333332
1970-01-01T01:11:59.000+01:00,53.283006666666644
1970-01-01T01:12:00.000+01:00,52.30851000000004
1970-01-01T01:12:01.000+01:00,52.34754333333338
1970-01-01T01:12:02.000+01:00,52.50460333333334
1970-01-01T01:12:03.000+01:00,51.94221333333335
1970-01-01T01:12:04.000+01:00,52.79691666666664
1970-01-01T01:12:05.000+01:00,52.559403333333265
1970-01-01T01:12:06.000+01:00,52.01178333333335
1970-01-01T01:12:07.000+01:00,52.78837666666663
1970-01-01T01:12:08.000+01:00,52.167753333333295
1970-01-01T01:12:09.000+01:00,51.653726666666664
1970-01-01T01:12:10.000+01:00,52.750493333333345
1970-01-01T01:12:11.000+01:00,51.99453333333336
1970-01-01T01:12:12.000+01:00,52.05948333333332
1970-01-01T01:12:13.000+01:00,52.782300000000035
1970-01-01T01:12:14.000+01:00,52.06372666666663
1970-01-01T01:12:15.000+01:00,52.60128666666666
1970-01-01T01:12:16.000+01:00,52.83717666666666
1970-01-01T01:12:17.000+01:00,52.40113000000003
1970-01-01T01:12:18.000+01:00,53.60453333333333
1970-01-01T01:12:19.000+01:00,53.21555666666663
1970-01-01T01:12:20.000+01:00,52.47025666666664
1970-01-01T01:12:21.000+01:00,53.75934666666665
1970-01-01T01:12:22.000+01:00,52.87204333333335
1970-01-01T01:12:23.000+01:00,52.36529000000003
1970-01-01T01:12:24.000+01:00,53.39943
1970-01-01T01:12:25.000+01:00,52.49363999999996
1970-01-01T01:12:26.000+01:00,52.77134000000001
1970-01-01T01:12:27.000+01:00,53.30673999999997
1970-01-01T01:12:28.000+01:00,52.61467999999999
1970-01-01T01:12:29.000+01:00,53.567296666666635
1970-01-01T01:12:30.000+01:00,53.641343333333346
1970-01-01T01:12:31.000+01:00,53.21412333333338
1970-01-01T01:12:32.000+01:00,53.98202666666669
1970-01-01T01:12:33.000+01:00,53.58366666666659
1970-01-01T01:12:34.000+01:00,53.66850000000004
1970-01-01T01:12:35.000+01:00,53.662516666666676
1970-01-01T01:12:36.000+01:00,53.55561666666664
1970-01-01T01:12:37.000+01:00,54.07395333333332
1970-01-01T01:12:38.000+01:00,53.925453333333316
1970-01-01T01:12:39.000+01:00,53.89074999999999
1970-01-01T01:12:40.000+01:00,53.853493333333326
1970-01-01T01:12:41.000+01:00,53.74426000000001
1970-01-01T01:12:42.000+01:00,54.13344333333334
1970-01-01T01:12:43.000+01:00,53.53831000000001
1970-01-01T01:12:44.000+01:00,54.10124000000004
1970-01-01T01:12:45.000+01:00,54.26376333333334
1970-01-01T01:12:46.000+01:00,53.64128000000003
1970-01-01T01:12:47.000+01:00,54.96524999999999
1970-01-01T01:12:48.000+01:00,54.534680000000016
1970-01-01T01:12:49.000+01:00,53.92544999999997
1970-01-01T01:12:50.000+01:00,55.34152333333336
1970-01-01T01:12:51.000+01:00,54.254413333333346
1970-01-01T01:12:52.000+01:00,54.62585666666666
1970-01-01T01:12:53.000+01:00,55.178266666666666
1970-01-01T01:12:54.000+01:00,54.45069333333333
1970-01-01T01:12:55.000+01:00,54.699096666666634
1970-01-01T01:12:56.000+01:00,55.10796666666665
1970-01-01T01:12:57.000+01:00,55.3355466666667
1970-01-01T01:12:58.000+01:00,54.554736666666685
1970-01-01T01:12:59.000+01:00,54.95816333333333
1970-01-01T01:13:00.000+01:00,55.23900333333334
1970-01-01T01:13:01.000+01:00,54.26381999999996
1970-01-01T01:13:02.000+01:00,55.264320000000055
1970-01-01T01:13:03.000+01:00,54.844483333333336
1970-01-01T01:13:04.000+01:00,54.292863333333344
1970-01-01T01:13:05.000+01:00,53.01876521739127
1970-01-01T01:13:06.000+01:00,50.79101500000001
1970-01-01T01:13:07.000+01:00,50.789420000000035
1970-01-01T01:13:08.000+01:00,51.253785
1970-01-01T01:13:09.000+01:00,50.55517000000002
1970-01-01T01:13:10.000+01:00,50.976094999999944
1970-01-01T01:13:11.000+01:00,51.16305499999993
1970-01-01T01:13:12.000+01:00,51.38257500000004
1970-01-01T01:13:13.000+01:00,50.32293999999999
1970-01-01T01:13:14.000+01:00,51.174989999999994
1970-01-01T01:13:15.000+01:00,51.72601999999996
1970-01-01T01:13:16.000+01:00,49.80536499999999
1970-01-01T01:13:17.000+01:00,51.26234499999999
1970-01-01T01:13:18.000+01:00,50.801365
1970-01-01T01:13:19.000+01:00,49.39088500000004
1970-01-01T01:13:20.000+01:00,51.30408999999998
1970-01-01T01:13:21.000+01:00,50.14320999999996
1970-01-01T01:13:22.000+01:00,49.28978999999998
1970-01-01T01:13:23.000+01:00,50.69372499999999
1970-01-01T01:13:24.000+01:00,49.88525500000001
1970-01-01T01:13:25.000+01:00,50.21807499999997
1970-01-01T01:13:26.000+01:00,50.44573999999998
1970-01-01T01:13:27.000+01:00,49.62198999999998
1970-01-01T01:13:28.000+01:00,50.26168999999998
1970-01-01T01:13:29.000+01:00,50.37360000000001
1970-01-01T01:13:30.000+01:00,49.68708499999999
1970-01-01T01:13:31.000+01:00,50.20332000000006
1970-01-01T01:13:32.000+01:00,50.234204999999974
1970-01-01T01:13:33.000+01:00,50.65871500000002
1970-01-01T01:13:34.000+01:00,50.16820999999998
1970-01-01T01:13:35.000+01:00,50.046299999999974
1970-01-01T01:13:36.000+01:00,51.434855
1970-01-01T01:13:37.000+01:00,50.49301999999997
1970-01-01T01:13:38.000+01:00,50.92937500000006
1970-01-01T01:13:39.000+01:00,51.17666499999999
1970-01-01T01:13:40.000+01:00,50.44219500000001
1970-01-01T01:13:41.000+01:00,51.66246000000007
1970-01-01T01:13:42.000+01:00,50.68190500000004
1970-01-01T01:13:43.000+01:00,50.172599999999996
1970-01-01T01:13:44.000+01:00,51.70382999999997
1970-01-01T01:13:45.000+01:00,50.27077499999998
1970-01-01T01:13:46.000+01:00,50.98615500000002
1970-01-01T01:13:47.000+01:00,51.041979999999995
1970-01-01T01:13:48.000+01:00,50.81561999999995
1970-01-01T01:13:49.000+01:00,51.11845500000003
1970-01-01T01:13:50.000+01:00,51.060120000000026
1970-01-01T01:13:51.000+01:00,52.212159999999955
1970-01-01T01:13:52.000+01:00,51.39947526236882
1970-01-01T01:13:53.000+01:00,51.43631499999999
1970-01-01T01:13:54.000+01:00,52.30324500000001
1970-01-01T01:13:55.000+01:00,50.767819999999986
1970-01-01T01:13:56.000+01:00,52.16377000000001
1970-01-01T01:13:57.000+01:00,51.46485500000001
1970-01-01T01:13:58.000+01:00,51.711874999999985
1970-01-01T01:13:59.000+01:00,51.75265999999998
1970-01-01T01:14:00.000+01:00,51.93053999999999
1970-01-01T01:14:01.000+01:00,51.863610000000044
1970-01-01T01:14:02.000+01:00,52.04575
1970-01-01T01:14:03.000+01:00,52.89953999999996
1970-01-01T01:14:04.000+01:00,51.80566999999999
1970-01-01T01:14:05.000+01:00,52.79880499999998
1970-01-01T01:14:06.000+01:00,52.09819000000002
1970-01-01T01:14:07.000+01:00,53.05752499999999
1970-01-01T01:14:08.000+01:00,51.99631999999999
1970-01-01T01:14:09.000+01:00,52.63868000000001
1970-01-01T01:14:10.000+01:00,51.90778500000006
1970-01-01T01:14:11.000+01:00,52.67132999999994
1970-01-01T01:14:12.000+01:00,51.82067500000001
1970-01-01T01:14:13.000+01:00,51.63472999999997
1970-01-01T01:14:14.000+01:00,51.75766499999997
1970-01-01T01:14:15.000+01:00,51.961099999999995
1970-01-01T01:14:16.000+01:00,50.939635
1970-01-01T01:14:17.000+01:00,51.72522000000005
1970-01-01T01:14:18.000+01:00,51.583949999999994
1970-01-01T01:14:19.000+01:00,51.03898499999997
1970-01-01T01:14:20.000+01:00,52.083879999999944
1970-01-01T01:14:21.000+01:00,51.356095000000046
1970-01-01T01:14:22.000+01:00,51.59792999999997
1970-01-01T01:14:23.000+01:00,52.185005000000004
1970-01-01T01:14:24.000+01:00,52.291595000000015
1970-01-01T01:14:25.000+01:00,51.408744999999996
1970-01-01T01:14:26.000+01:00,52.99447500000004
1970-01-01T01:14:27.000+01:00,51.52722500000001
1970-01-01T01:14:28.000+01:00,51.70254999999999
1970-01-01T01:14:29.000+01:00,52.19150499999998
1970-01-01T01:14:30.000+01:00,52.72499499999995
1970-01-01T01:14:31.000+01:00,51.22167999999999
1970-01-01T01:14:32.000+01:00,53.40051999999997
1970-01-01T01:14:33.000+01:00,51.67186499999999
1970-01-01T01:14:34.000+01:00,52.68032499999997
1970-01-01T01:14:35.000+01:00,52.36162500000003
1970-01-01T01:14:36.000+01:00,52.671545000000016
1970-01-01T01:14:37.000+01:00,51.47871000000001
1970-01-01T01:14:38.000+01:00,52.60438499999999
1970-01-01T01:14:39.000+01:00,51.95021500000006
1970-01-01T01:14:40.000+01:00,51.55273499999999
1970-01-01T01:14:41.000+01:00,52.35266999999996
1970-01-01T01:14:42.000+01:00,51.94782
1970-01-01T01:14:43.000+01:00,51.783425
1970-01-01T01:14:44.000+01:00,51.76437000000003
1970-01-01T01:14:45.000+01:00,51.91239999999996
1970-01-01T01:14:46.000+01:00,51.223670000000006
1970-01-01T01:14:47.000+01:00,51.92857500000001
1970-01-01T01:14:48.000+01:00,50.67254000000002
1970-01-01T01:14:49.000+01:00,52.072154999999974
1970-01-01T01:14:50.000+01:00,51.045125000000034
1970-01-01T01:14:51.000+01:00,51.535679999999964
1970-01-01T01:14:52.000+01:00,50.74132000000001
1970-01-01T01:14:53.000+01:00,51.41727499999998
1970-01-01T01:14:54.000+01:00,50.68931000000001
1970-01-01T01:14:55.000+01:00,50.903544999999994
1970-01-01T01:14:56.000+01:00,51.27657499999997
1970-01-01T01:14:57.000+01:00,50.612085000000064
1970-01-01T01:14:58.000+01:00,50.92250499999994
1970-01-01T01:14:59.000+01:00,50.301914999999994
1970-01-01T01:15:00.000+01:00,50.98849000000005
1970-01-01T01:15:01.000+01:00,49.91149000000001
1970-01-01T01:15:02.000+01:00,50.658145
1970-01-01T01:15:03.000+01:00,48.91475500000005
1970-01-01T01:15:04.000+01:00,49.82149999999998
1970-01-01T01:15:05.000+01:00,50.26239500000001
1970-01-01T01:15:06.000+01:00,49.280300000000004
1970-01-01T01:15:07.000+01:00,50.062669999999976
1970-01-01T01:15:08.000+01:00,49.84701500000004
1970-01-01T01:15:09.000+01:00,50.212725000000034
1970-01-01T01:15:10.000+01:00,49.836279999999995
1970-01-01T01:15:11.000+01:00,49.98721000000001
1970-01-01T01:15:12.000+01:00,49.854694999999964
1970-01-01T01:15:13.000+01:00,49.577595000000045
1970-01-01T01:15:14.000+01:00,50.627955
1970-01-01T01:15:15.000+01:00,49.57933000000006
1970-01-01T01:15:16.000+01:00,50.78981
1970-01-01T01:15:17.000+01:00,49.81100999999999
1970-01-01T01:15:18.000+01:00,49.73278500000004
1970-01-01T01:15:19.000+01:00,50.917315
1970-01-01T01:15:20.000+01:00,49.66467500000002
1970-01-01T01:15:21.000+01:00,50.09179000000002
1970-01-01T01:15:22.000+01:00,50.57165000000005
1970-01-01T01:15:23.000+01:00,50.93382999999998
1970-01-01T01:15:24.000+01:00,50.101674999999986
1970-01-01T01:15:25.000+01:00,51.49575999999998
1970-01-01T01:15:26.000+01:00,50.01559499999999
1970-01-01T01:15:27.000+01:00,50.662229999999944
1970-01-01T01:15:28.000+01:00,51.223595
1970-01-01T01:15:29.000+01:00,49.76817500000002
1970-01-01T01:15:30.000+01:00,50.905265
1970-01-01T01:15:31.000+01:00,50.22612499999998
1970-01-01T01:15:32.000+01:00,50.340865
1970-01-01T01:15:33.000+01:00,50.13244500000002
1970-01-01T01:15:34.000+01:00,51.19242500000009
1970-01-01T01:15:35.000+01:00,49.60635500000001
1970-01-01T01:15:36.000+01:00,50.73353499999998
1970-01-01T01:15:37.000+01:00,50.335379999999994
1970-01-01T01:15:38.000+01:00,49.76721999999999
1970-01-01T01:15:39.000+01:00,50.378815
1970-01-01T01:15:40.000+01:00,49.69529500000003
1970-01-01T01:15:41.000+01:00,50.685175
1970-01-01T01:15:42.000+01:00,49.701900000000066
1970-01-01T01:15:43.000+01:00,50.403524999999966
1970-01-01T01:15:44.000+01:00,50.35747500000002
1970-01-01T01:15:45.000+01:00,50.460679999999975
1970-01-01T01:15:46.000+01:00,49.40537500000004
1970-01-01T01:15:47.000+01:00,50.58297000000001
1970-01-01T01:15:48.000+01:00,50.553694999999976
1970-01-01T01:15:49.000+01:00,49.241529999999955
1970-01-01T01:15:50.000+01:00,51.283499999999954
1970-01-01T01:15:51.000+01:00,50.08741
1970-01-01T01:15:52.000+01:00,51.31517058823532
1970-01-01T01:15:53.000+01:00,50.43916999999989
1970-01-01T01:15:54.000+01:00,51.206969999999885
1970-01-01T01:15:55.000+01:00,51.18464000000003
1970-01-01T01:15:56.000+01:00,50.30901000000003
1970-01-01T01:15:57.000+01:00,52.10821000000001
1970-01-01T01:15:58.000+01:00,50.293790000000044
1970-01-01T01:15:59.000+01:00,52.446349999999974
1970-01-01T01:16:00.000+01:00,51.05899999999994
1970-01-01T01:16:01.000+01:00,52.10617000000005
1970-01-01T01:16:02.000+01:00,51.36758000000003
1970-01-01T01:16:03.000+01:00,51.524119999999996
1970-01-01T01:16:04.000+01:00,52.16074999999999
1970-01-01T01:16:05.000+01:00,51.18677322677322
1970-01-01T01:16:06.000+01:00,52.81911999999991
1970-01-01T01:16:07.000+01:00,51.00478999999995
1970-01-01T01:16:08.000+01:00,54.09137
1970-01-01T01:16:09.000+01:00,51.6353300000001
1970-01-01T01:16:10.000+01:00,54.12753
1970-01-01T01:16:11.000+01:00,51.47703999999999
1970-01-01T01:16:12.000+01:00,54.65806999999993
1970-01-01T01:16:13.000+01:00,51.824190000000065
1970-01-01T01:16:14.000+01:00,53.63361000000002
1970-01-01T01:16:15.000+01:00,51.99430999999998
1970-01-01T01:16:16.000+01:00,54.55989999999996
1970-01-01T01:16:17.000+01:00,52.04880999999999
1970-01-01T01:16:18.000+01:00,54.770270000000004
1970-01-01T01:16:19.000+01:00,52.584580000000024
1970-01-01T01:16:20.000+01:00,55.044710000000066
1970-01-01T01:16:21.000+01:00,53.11517999999996
1970-01-01T01:16:22.000+01:00,55.034919999999985
1970-01-01T01:16:23.000+01:00,52.78809999999995
1970-01-01T01:16:24.000+01:00,54.966129999999986
1970-01-01T01:16:25.000+01:00,53.01786999999999
1970-01-01T01:16:26.000+01:00,54.52212000000001
1970-01-01T01:16:27.000+01:00,53.68095999999999
1970-01-01T01:16:28.000+01:00,54.61042999999991
1970-01-01T01:16:29.000+01:00,54.080459999999945
1970-01-01T01:16:30.000+01:00,53.78423000000002
1970-01-01T01:16:31.000+01:00,54.42161000000001
1970-01-01T01:16:32.000+01:00,53.53278999999999
1970-01-01T01:16:33.000+01:00,54.82868000000001
1970-01-01T01:16:34.000+01:00,53.090139999999984
1970-01-01T01:16:35.000+01:00,55.0664
1970-01-01T01:16:36.000+01:00,52.855820000000065
1970-01-01T01:16:37.000+01:00,55.38990000000004
1970-01-01T01:16:38.000+01:00,53.15228999999993
1970-01-01T01:16:39.000+01:00,54.79669999999991